{"_wandb":{"runtime":7968},"train_loss":0.16458353400230408,"steps_per_sec":2.00950903193989,"step":28000,"_timestamp":1.7467480367498283e+09,"_runtime":7967.548890952,"_step":159}